Name;ISIN;Symbol;Market;"Trading Currency";Open;High;Low;Last;"Last Date/Time";"Time Zone";Volume;Turnover
European Equities14 May 2022All datapoints provided as of end of last active trading day."2020 BULKERS";BMG9156K1018;2020;"Oslo Børs";NOK;123.00;124.00;122.20;122.80;"13/05/2022 16:25";CET;194651;23943617.60
"5TH PLANET GAMES";DK0060945467;5PG;"Euronext Expand Oslo";NOK;1.118;1.20;1.072;1.152;"13/05/2022 16:18";CET;1339474;1561730.35
"AASEN SPAREBANK";NO0010672181;AASB;"Euronext Growth Oslo";NOK;141.00;141.00;141.00;141.00;"11/05/2022 09:29";CET;40;5640.00
"ABG SUNDAL COLLIER";NO0003021909;ABG;"Oslo Børs";NOK;6.64;6.84;6.64;6.78;"13/05/2022 16:25";CET;277610;1874167.53
ADEVINTA;NO0010844038;ADE;"Oslo Børs";NOK;59.50;64.50;58.65;64.30;"13/05/2022 16:25";CET;926749;57737786.50
"ADS MARITIME HOLD";CY0108052115;ADS;"Euronext Growth Oslo";NOK;1.595;1.595;1.595;1.595;"13/05/2022 10:18";CET;4340;6922.30
AEGA;NO0010626559;AEGA;"Euronext Expand Oslo";NOK;1.10;1.17;1.10;1.17;"13/05/2022 15:46";CET;134772;155679.704
"AF GRUPPEN";NO0003078107;AFG;"Oslo Børs";NOK;174.80;176.40;167.20;174.60;"13/05/2022 16:25";CET;58810;10161414.80
AGILYX;NO0010872468;AGLX;"Euronext Growth Oslo";NOK;28.00;30.15;27.65;29.70;"13/05/2022 16:25";CET;24833;718833.50
AINMT;NO0010734742;AINMT;"Euronext Expand Oslo";NOK;0.47;0.49;0.444;0.444;"13/05/2022 16:25";CET;128261;58817.068
AIRTHINGS;NO0010895568;AIRX;"Euronext Growth Oslo";NOK;4.955;5.40;4.955;5.34;"13/05/2022 16:25";CET;374194;1919981.505
AKASTOR;NO0010215684;AKAST;"Oslo Børs";NOK;8.50;8.57;8.26;8.29;"13/05/2022 16:25";CET;75191;634717.48
AKER;NO0010234552;AKER;"Oslo Børs";NOK;799.00;814.50;790.50;814.00;"13/05/2022 16:25";CET;96364;77434853.00
"AKER BIOMARINE";NO0010886625;AKBM;"Oslo Børs";NOK;50.10;50.10;45.80;47.45;"13/05/2022 16:25";CET;37057;1759398.05
"AKER BP";NO0010345853;AKRBP;"Oslo Børs";NOK;353.90;361.70;351.70;359.70;"13/05/2022 16:25";CET;670150;240532327.10
"AKER CARBON CAPTUR";NO0010890304;ACC;"Oslo Børs";NOK;16.265;18.875;16.265;18.83;"13/05/2022 16:27";CET;1352162;24816326.53
"AKER CLEAN HYDROGE";NO0010936081;ACH;"Euronext Growth Oslo";NOK;4.20;4.60;4.20;4.546;"13/05/2022 16:25";CET;496215;2229057.08
"AKER HORIZONS";NO0010921232;AKH;"Oslo Børs";NOK;18.365;19.96;18.20;19.90;"13/05/2022 16:29";CET;908910;17596374.775
"AKER OFFSHORE WIND";NO0010890312;AOW;"Euronext Growth Oslo";NOK;2.33;2.574;2.30;2.524;"13/05/2022 16:25";CET;2173755;5329095.17
"AKER SOLUTIONS";NO0010716582;AKSO;"Oslo Børs";NOK;29.26;30.94;29.12;30.80;"13/05/2022 16:25";CET;1208960;36568868.48
"AKOBO MINERALS";SE0015193412;AKOBO;"Euronext Growth Oslo";NOK;6.82;6.88;6.82;6.82;"13/05/2022 15:38";CET;5876;40260.80
"AKVA GROUP";NO0003097503;AKVA;"Oslo Børs";NOK;84.00;85.80;83.20;85.80;"13/05/2022 15:33";CET;241;20458.80
"ALTERNUS ENERGY GR";IE00BLRPRP89;ALT;"Euronext Growth Oslo";NOK;25.00;25.00;25.00;25.00;"13/05/2022 14:48";CET;2100;52500.00
"AMERICAN SHIPPING";NO0010272065;AMSC;"Oslo Børs";NOK;33.75;34.45;33.10;33.60;"13/05/2022 16:29";CET;183439;6169579.25
"ANDFJORD SALMON";NO0010829765;ANDF;"Euronext Growth Oslo";NOK;42.50;42.90;41.90;42.90;"13/05/2022 16:25";CET;22171;943110.90
"AQUA BIO TECHNO";NO0010307135;ABT;"Euronext Expand Oslo";NOK;8.64;9.74;8.64;9.50;"13/05/2022 15:05";CET;20573;188675.83
"AQUALISBRAEMAR LOC";NO0010715394;AQUA;"Oslo Børs";NOK;13.35;13.95;13.35;13.75;"13/05/2022 15:23";CET;6143;84892.05
ARCHER;BMG0451H1170;ARCH;"Oslo Børs";NOK;3.48;3.65;3.255;3.595;"13/05/2022 16:26";CET;849385;2988422.94
"ARCTIC BIOSCIENCE";NO0010859580;ABS;"Euronext Growth Oslo";NOK;14.45;15.00;14.45;15.00;"13/05/2022 16:05";CET;7435;109972.85
"ARCTIC FISH HOLDIN";NO0010917719;AFISH;"Euronext Growth Oslo";NOK;80.20;92.00;80.20;81.00;"13/05/2022 16:25";CET;2703;231868.20
"ARCTICZYMES TECHNO";NO0010014632;AZT;"Oslo Børs";NOK;68.10;71.35;68.10;70.50;"13/05/2022 16:25";CET;50337;3545192.70
"ARENDALS FOSSEKOMP";NO0003572802;AFK;"Oslo Børs";NOK;325.50;337.00;325.50;337.00;"13/05/2022 16:25";CET;6994;2330565.00
ARGEO;NO0010946593;ARGEO;"Euronext Growth Oslo";NOK;4.74;4.90;4.64;4.76;"13/05/2022 15:49";CET;180309;863108.49
"ARRIBATEC GROUP";NO0003108102;ARR;"Oslo Børs";NOK;0.517;0.517;0.49;0.51;"13/05/2022 16:25";CET;1012309;508946.2835
ASETEK;DK0060477263;ASTK;"Oslo Børs";NOK;25.50;26.55;25.50;25.50;"13/05/2022 16:25";CET;21118;549881.80
ASTROCAST;CH1122548808;ASTRO;"Euronext Growth Oslo";NOK;6.52;6.52;5.50;6.02;"13/05/2022 16:09";CET;94501;533361.46
ATEA;NO0004822503;ATEA;"Oslo Børs";NOK;106.60;110.00;106.60;110.00;"13/05/2022 16:25";CET;53895;5875695.60
"ATLANTIC SAPPHIRE";NO0010768500;ASA;"Oslo Børs";NOK;20.90;20.90;19.30;19.40;"13/05/2022 16:27";CET;534876;10576413.62
"AURORA EIENDOM";NO0011032310;AURA;"Euronext Growth Oslo";NOK;96.20;99.80;96.00;97.80;"13/05/2022 16:05";CET;7376;714643.60
"AURSKOG SPAREBANK";NO0006001601;AURG;"Oslo Børs";NOK;200.00;202.00;200.00;202.00;"13/05/2022 11:44";CET;743;149800.00
"AUSTEVOLL SEAFOOD";NO0010073489;AUSS;"Oslo Børs";NOK;138.50;138.50;124.70;128.00;"13/05/2022 16:25";CET;1103132;140441118.10
"AUTOSTORE HOLDINGS";BMG0670A1099;AUTO;"Oslo Børs";NOK;18.00;19.35;17.90;18.805;"13/05/2022 16:25";CET;6472930;121363658.925
"AVANCE GAS HOLDING";BMG067231032;AGAS;"Oslo Børs";NOK;39.56;41.20;39.56;41.20;"13/05/2022 16:25";CET;67480;2745101.44
"AWILCO DRILLING";GB00B5LJSC86;AWDR;"Oslo Børs";NOK;3.50;3.50;3.20;3.47;"13/05/2022 16:19";CET;67493;224062.66
"AWILCO LNG";NO0010607971;ALNG;"Euronext Expand Oslo";NOK;5.52;5.92;5.52;5.83;"13/05/2022 16:25";CET;730575;4242013.07
AXACTOR;NO0010840515;ACR;"Oslo Børs";NOK;5.70;5.90;5.66;5.90;"13/05/2022 16:25";CET;175294;1011157.225
"AYFIE GROUP";NO0010793243;AYFIE;"Euronext Growth Oslo";NOK;0.712;0.796;0.712;0.796;"13/05/2022 16:12";CET;10000;7540.00
B2HOLDING;NO0010633951;B2H;"Oslo Børs";NOK;8.56;8.56;8.00;8.35;"13/05/2022 16:25";CET;1329673;10918420.86
BAKKAFROST;FO0000000179;BAKKA;"Oslo Børs";NOK;599.00;599.00;579.50;591.50;"13/05/2022 16:25";CET;98864;58375186.00
"BALTIC SEA PROP";NO0010810476;BALT;"Euronext Growth Oslo";NOK;48.60;48.60;48.60;48.60;"28/04/2022 12:40";CET;219;10643.40
"BARRAMUNDI GROUP";SGXZ33675836;BARRA;"Euronext Growth Oslo";NOK;9.85;9.85;9.85;9.85;"10/05/2022 12:27";CET;16308;160633.80
BELSHIPS;NO0003094104;BELCO;"Oslo Børs";NOK;24.80;25.30;24.30;25.30;"13/05/2022 16:29";CET;1031110;25652387.05
"BERGEN CARBON SOL";NO0010950249;BCS;"Euronext Growth Oslo";NOK;38.95;38.95;34.20;34.75;"13/05/2022 16:25";CET;275656;9804039.70
BERGENBIO;NO0010650013;BGBIO;"Oslo Børs";NOK;14.78;15.67;14.78;15.32;"13/05/2022 16:25";CET;194142;2969695.25
BEWI;NO0010890965;BEWI;"Oslo Børs";NOK;64.30;70.00;64.30;66.90;"13/05/2022 16:25";CET;169740;11318880.60
"BIOFISH HOLDING";NO0010955198;BFISH;"Euronext Growth Oslo";NOK;13.10;13.10;13.10;13.10;"13/05/2022 15:50";CET;505;6615.50
"BLACK SEA PROPERTY";NO0010755101;BSP;"Euronext Growth Oslo";NOK;1.15;1.15;1.10;1.12;"12/05/2022 14:00";CET;75085;84917.25
BONHEUR;NO0003110603;BONHR;"Oslo Børs";NOK;345.00;361.50;341.00;361.50;"13/05/2022 16:25";CET;25456;9038113.00
BORGESTAD;NO0003111700;BOR;"Oslo Børs";NOK;2.06;2.08;2.04;2.04;"13/05/2022 15:48";CET;184324;377440.96
"BORR DRILLING";BMG1466R1732;BORR;"Oslo Børs";NOK;42.715;47.80;42.715;47.50;"13/05/2022 16:25";CET;2047718;94522453.05
BORREGAARD;NO0010657505;BRG;"Oslo Børs";NOK;183.00;183.00;180.00;182.00;"13/05/2022 16:25";CET;93820;17015083.40
BOUVET;NO0010360266;BOUV;"Oslo Børs";NOK;62.60;62.70;62.10;62.50;"13/05/2022 16:25";CET;40433;2530630.00
BRABANK;NO0010167331;BRA;"Euronext Growth Oslo";NOK;11.20;11.20;10.90;10.90;"13/05/2022 15:53";CET;3588;39660.30
"BW ENERGY LIMITED";BMG0702P1086;BWE;"Oslo Børs";NOK;26.80;27.94;26.72;27.72;"13/05/2022 16:25";CET;348116;9623721.62
"BW Epic Kosan";SGXZ80461361;BWEK;"Euronext Growth Oslo";NOK;20.00;20.00;20.00;20.00;"13/05/2022 16:10";CET;260;5200.00
"BW IDEOL";NO0010947385;BWIDL;"Euronext Growth Oslo";NOK;17.00;18.20;16.55;18.20;"13/05/2022 16:07";CET;8241;143067.05
"BW LPG";BMG173841013;BWLPG;"Oslo Børs";NOK;61.50;63.85;60.45;63.40;"13/05/2022 16:25";CET;287364;18051660.30
"BW OFFSHORE LTD";BMG1738J1247;BWO;"Oslo Børs";NOK;27.40;27.86;26.78;27.84;"13/05/2022 16:25";CET;467580;12889273.66
BYGGMA;NO0003087603;BMA;"Oslo Børs";NOK;27.20;27.20;26.50;27.05;"13/05/2022 16:12";CET;6263;168276.60
CADELER;DK0061412772;CADLR;"Oslo Børs";NOK;30.90;30.90;29.50;30.08;"13/05/2022 16:25";CET;367739;11019372.44
CAMBI;NO0010078850;CAMBI;"Euronext Growth Oslo";NOK;5.41;5.46;5.41;5.43;"13/05/2022 14:42";CET;22615;122955.54
"CANOPY HOLDINGS";NO0010781560;CAN;"Euronext Growth Oslo";NOK;1.15;1.15;1.15;1.15;"13/05/2022 14:48";CET;20000;23000.00
CARASENT;NO0010123060;CARA;"Oslo Børs";NOK;18.68;20.15;18.30;20.15;"13/05/2022 16:25";CET;169535;3286769.59
"CARBON TRANSITION";NO0010778095;CARBN;"Euronext Expand Oslo";NOK;1.088;1.118;1.088;1.116;"13/05/2022 16:25";CET;176543;194562.754
"CIRCA GROUP";NO0010917594;CIRCA;"Euronext Growth Oslo";NOK;6.94;7.30;6.94;7.13;"13/05/2022 16:25";CET;31187;220974.36
"CLEAN SEAS SEAFOOD";AU000000CSS3;CSS;"Euronext Growth Oslo";NOK;3.95;3.95;3.95;3.95;"13/05/2022 09:00";CET;100;395.00
"CLOUDBERRY CLEAN";NO0010876642;CLOUD;"Oslo Børs";NOK;17.08;17.08;16.28;16.28;"13/05/2022 16:25";CET;134703;2207623.54
"CO2 CAPSOL";NO0010923121;CAPSL;"Euronext Growth Oslo";NOK;11.58;11.58;11.04;11.18;"13/05/2022 14:14";CET;7243;80577.68
CONTEXTVISION;SE0014731154;CONTX;"Oslo Børs";NOK;7.50;8.10;7.50;8.00;"13/05/2022 15:46";CET;27390;212454.32
"COOL COMPANY";BMG2415A1137;COOL;"Euronext Growth Oslo";NOK;84.50;85.80;82.86;85.00;"13/05/2022 16:25";CET;98931;8342492.49
"CRAYON GROUP HOLD";NO0010808892;CRAYN;"Oslo Børs";NOK;128.00;135.00;127.00;133.70;"13/05/2022 16:25";CET;246075;32638477.60
"CSAM HEALTH GROUP";NO0010894512;CSAM;"Euronext Growth Oslo";NOK;41.90;44.20;41.90;44.20;"13/05/2022 16:05";CET;9695;421601.50
CYVIZ;NO0010015175;CYVIZ;"Euronext Growth Oslo";NOK;36.50;36.50;35.00;36.10;"13/05/2022 16:16";CET;12331;445973.10
"DEEP VALUE DRILLER";NO0010955917;DVD;"Euronext Growth Oslo";NOK;13.80;13.80;12.85;13.50;"13/05/2022 16:25";CET;841675;11040184.30
"DESERT CONTROL";NO0010963275;DSRT;"Euronext Growth Oslo";NOK;28.75;28.75;27.50;28.20;"13/05/2022 16:25";CET;30449;854031.15
DLT;NO0003055808;DLTX;"Oslo Børs";NOK;5.70;5.85;5.40;5.76;"13/05/2022 16:25";CET;644254;3639855.97
"DNB BANK";NO0010161896;DNB;"Oslo Børs";NOK;183.55;185.15;181.45;185.15;"13/05/2022 16:25";CET;1144791;210453885.65
DNO;NO0003921009;DNO;"Oslo Børs";NOK;14.18;14.92;13.91;14.73;"13/05/2022 16:29";CET;6616004;96366885.82
DOF;NO0010070063;DOF;"Oslo Børs";NOK;2.12;2.44;1.994;2.41;"13/05/2022 16:29";CET;18234590;40218765.108
"EAM SOLAR";NO0010607781;EAM;"Euronext Expand Oslo";NOK;10.00;10.00;9.38;9.38;"13/05/2022 15:17";CET;4527;44151.26
"ECIT AS B-AKSJER";NO0010939804;ECIT;"Euronext Growth Oslo";NOK;6.40;6.58;6.12;6.50;"13/05/2022 16:25";CET;24779;157474.68
"ECOONLINE HOLDING";NO0010936891;ECO;"Euronext Growth Oslo";NOK;13.70;13.95;13.70;13.70;"13/05/2022 15:15";CET;5100;70979.80
"EDDA WIND";NO0010998529;EWIND;"Oslo Børs";NOK;27.05;27.45;26.15;27.15;"13/05/2022 16:25";CET;54666;1486275.25
"EIDESVIK OFFSHORE";NO0010263023;EIOF;"Oslo Børs";NOK;9.48;10.20;9.20;9.50;"13/05/2022 16:25";CET;925231;8943300.82
"ELECTROMAGNET GEO";NO0010358484;EMGS;"Oslo Børs";NOK;1.66;1.746;1.532;1.668;"13/05/2022 16:25";CET;175691;291833.474
ELEKTROIMPORTØREN;NO0010911902;ELIMP;"Euronext Growth Oslo";NOK;66.60;69.60;65.20;65.20;"13/05/2022 16:25";CET;5320;356139.00
ELKEM;NO0010816093;ELK;"Oslo Børs";NOK;34.96;36.20;34.86;36.20;"13/05/2022 16:25";CET;1170605;41935543.36
"ELLIPTIC LABORATOR";NO0010722283;ELABS;"Oslo Børs";NOK;17.60;18.94;17.48;18.50;"13/05/2022 16:25";CET;192229;3460922.26
"ELMERA GROUP";NO0010815673;ELMRA;"Oslo Børs";NOK;23.10;23.20;21.12;21.98;"13/05/2022 16:27";CET;2418997;52833177.32
ELOP;NO0010864036;ELOP;"Euronext Growth Oslo";NOK;2.10;2.35;2.10;2.34;"13/05/2022 16:03";CET;210701;487690.415
ELOPAK;NO0011002586;ELO;"Oslo Børs";NOK;15.26;15.52;15.08;15.20;"13/05/2022 16:25";CET;227978;3476043.36
ENDÚR;NO0010379779;ENDUR;"Oslo Børs";NOK;0.4445;0.559;0.4445;0.549;"13/05/2022 16:29";CET;18541485;9372978.4855
"ENSURGE MICROPOWER";NO0012450008;ENSU;"Oslo Børs";NOK;2.28;2.28;1.9502;2.277;"13/05/2022 16:19";CET;1146607;2400245.548
ENTRA;NO0010716418;ENTRA;"Oslo Børs";NOK;146.40;149.70;146.00;149.00;"13/05/2022 16:25";CET;90140;13369420.70
"ENVIPCO HOLDING";NL0015000GX8;ENVIP;"Euronext Growth Oslo";NOK;22.90;25.00;22.90;25.00;"13/05/2022 14:36";CET;471;11415.90
EQUINOR;NO0010096985;EQNR;"Oslo Børs";NOK;332.00;336.20;328.20;331.95;"13/05/2022 16:29";CET;3747666;1244438748.30
EUROPRIS;NO0010735343;EPR;"Oslo Børs";NOK;49.00;50.65;48.50;50.35;"13/05/2022 16:25";CET;360279;17944154.86
EVERFUEL;DK0061414711;EFUEL;"Euronext Growth Oslo";NOK;52.00;59.40;52.00;57.60;"13/05/2022 16:25";CET;17498;1000569.10
"EXACT THERAPEUTICS";NO0010852213;EXTX;"Euronext Growth Oslo";NOK;19.00;19.00;19.00;19.00;"12/05/2022 09:45";CET;15;285.00
"FLEX LNG";BMG359472021;FLNG;"Oslo Børs";NOK;257.00;263.40;253.00;259.00;"13/05/2022 16:27";CET;172559;44592109.80
FLYR;NO0010931900;FLYR;"Euronext Growth Oslo";NOK;1.225;1.277;1.225;1.255;"13/05/2022 16:29";CET;4581535;5719488.964
FRONTLINE;BMG3682E1921;FRO;"Oslo Børs";NOK;77.00;79.50;77.00;79.00;"13/05/2022 16:25";CET;688817;53857898.95
FRØY;NO0010936792;FROY;"Oslo Børs";NOK;45.10;45.90;44.00;44.90;"13/05/2022 16:25";CET;35267;1579244.20
"GAMING INNOVATION";US36467X2062;GIG;"Oslo Børs";NOK;15.50;16.48;15.50;16.20;"13/05/2022 16:25";CET;24110;387271.36
"GC RIEBER SHIPPING";NO0010262686;RISH;"Oslo Børs";NOK;13.40;13.50;11.00;12.30;"13/05/2022 16:25";CET;73740;887482.35
"GENTIAN DIAGNOSTIC";NO0010748866;GENT;"Oslo Børs";NOK;43.40;43.40;41.10;41.10;"13/05/2022 16:25";CET;7160;296847.70
"GIGANTE SALMON";NO0011013765;GIGA;"Euronext Growth Oslo";NOK;6.00;6.02;5.92;6.02;"13/05/2022 15:21";CET;41407;248756.14
"GJENSIDIGE FORSIKR";NO0010582521;GJF;"Oslo Børs";NOK;198.00;200.20;195.50;200.00;"13/05/2022 16:25";CET;273785;54544021.10
"GNP ENERGY";NO0010886013;GNP;"Euronext Growth Oslo";NOK;13.95;14.00;13.00;14.00;"13/05/2022 13:12";CET;7251;99164.90
"GOLDEN ENERGY OFF";NO0010813843;GEOS;"Euronext Growth Oslo";NOK;1.335;1.415;1.275;1.35;"13/05/2022 16:25";CET;1485651;2010088.655
"GOLDEN OCEAN GROUP";BMG396372051;GOGL;"Oslo Børs";NOK;132.25;137.20;130.85;136.15;"13/05/2022 16:25";CET;1159215;155695864.10
GOODTECH;NO0004913609;GOD;"Oslo Børs";NOK;7.85;8.19;7.70;7.85;"13/05/2022 16:25";CET;126441;1003208.71
"GRAM CAR CARRIERS";NO0011109563;GCC;"Euronext Growth Oslo";NOK;89.80;98.00;89.80;94.67;"13/05/2022 16:25";CET;28316;2596146.29
"GREEN MINERALS";NO0010907744;GEM;"Euronext Growth Oslo";NOK;12.00;12.50;11.60;12.50;"13/05/2022 16:25";CET;2891;34652.75
"GRIEG SEAFOOD";NO0010365521;GSF;"Oslo Børs";NOK;135.20;136.90;123.30;129.10;"13/05/2022 16:26";CET;708583;90988639.30
"GRONG SPAREBANK";NO0010636491;GRONG;"Euronext Growth Oslo";NOK;143.00;143.00;143.00;143.00;"13/05/2022 13:42";CET;332;47476.00
GYLDENDAL;NO0004288200;GYL;"Oslo Børs";NOK;540.00;540.00;540.00;540.00;"13/05/2022 09:04";CET;1;540.00
"HAFNIA LIMITED";BMG4233B1090;HAFNI;"Oslo Børs";NOK;25.00;25.65;24.60;25.60;"13/05/2022 16:25";CET;754456;18993372.05
HARMONYCHAIN;NO0010921299;HMONY;"Euronext Growth Oslo";NOK;0.775;0.789;0.71;0.75;"13/05/2022 16:13";CET;266018;198612.178
"HAV GROUP";NO0010931918;HAV;"Euronext Growth Oslo";NOK;16.20;16.58;16.00;16.58;"13/05/2022 16:19";CET;43396;705291.20
"HAVILA KYSTRUTEN";NO0011045429;HKY;"Euronext Growth Oslo";NOK;20.40;20.40;19.95;19.95;"13/05/2022 10:37";CET;331;6717.75
"HAVILA SHIPPING";NO0010257728;HAVI;"Oslo Børs";NOK;7.61;7.91;7.00;7.60;"13/05/2022 16:25";CET;796139;5856873.59
"HAVYARD GROUP";NO0010708605;HYARD;"Oslo Børs";NOK;6.60;6.79;6.60;6.70;"13/05/2022 15:36";CET;16631;111417.19
"HEXAGON COMPOSITES";NO0003067902;HEX;"Oslo Børs";NOK;30.30;32.50;29.40;32.50;"13/05/2022 16:25";CET;507113;15931935.84
"HEXAGON PURUS";NO0010904923;HPUR;"Euronext Growth Oslo";NOK;28.82;31.74;28.82;31.74;"13/05/2022 16:26";CET;340169;10364485.28
"HIMALAYA SHIPPING";BMG4660A1036;HSHIP;"Euronext Expand Oslo";NOK;53.60;53.60;52.00;53.60;"13/05/2022 16:09";CET;7689;410064.40
"HÖEGH AUTOLINERS";NO0011082075;HAUTO;"Oslo Børs";NOK;31.45;32.50;30.75;32.50;"13/05/2022 16:25";CET;289810;9186275.10
"HOFSETH BIOCARE";NO0010598683;HBC;"Oslo Børs";NOK;4.38;4.38;3.90;4.09;"12/05/2022 14:34";CET;50000;200551.40
"HORISONT ENERGI";NO0010917339;HRGI;"Euronext Growth Oslo";NOK;63.50;67.80;63.50;65.00;"13/05/2022 16:25";CET;3546;230362.40
"HOUSE OF CONTROL";NO0010781818;HOC;"Euronext Growth Oslo";NOK;6.70;6.70;6.30;6.30;"13/05/2022 13:22";CET;8878;57217.80
"HUDDLESTOCK FINTEC";NO0010859648;HUDL;"Euronext Growth Oslo";NOK;2.46;2.84;2.43;2.74;"13/05/2022 16:17";CET;808623;2152422.06
HUDDLY;NO0010776990;HDLY;"Euronext Growth Oslo";NOK;5.79;6.00;5.65;5.65;"13/05/2022 16:25";CET;38952;227298.09
"HUNTER GROUP";NO0010283211;HUNT;"Euronext Expand Oslo";NOK;3.00;3.15;2.99;3.115;"13/05/2022 16:25";CET;3497497;10788820.18
HYDROGENPRO;NO0010892359;HYPRO;"Euronext Growth Oslo";NOK;18.40;18.40;17.12;18.18;"13/05/2022 16:25";CET;61625;1090318.22
HYNION;NO0010920945;HYN;"Euronext Growth Oslo";NOK;1.542;1.542;1.282;1.40;"13/05/2022 16:25";CET;124663;178207.782
HYON;NO0011204158;HYON;"Euronext Growth Oslo";NOK;2.0195;2.0195;1.90;1.95;"13/05/2022 16:25";CET;45533;87208.0585
"HØLAND OG SETSKOG";NO0010012636;HSPG;"Oslo Børs";NOK;155.00;162.00;153.00;158.00;"13/05/2022 15:54";CET;655;101495.00
"ICE FISH FARM";NO0010884794;IFISH;"Euronext Growth Oslo";NOK;34.20;34.20;31.90;31.90;"13/05/2022 16:25";CET;2679;88296.30
"ICELANDIC SALMON";NO0010724701;ISLAX;"Euronext Growth Oslo";NOK;150.00;150.00;145.00;147.00;"13/05/2022 16:25";CET;4016;590923.00
"IDEX BIOMETRICS";NO0003070609;IDEX;"Oslo Børs";NOK;1.08;1.20;1.08;1.143;"13/05/2022 16:25";CET;10109996;11535591.399
INDUCT;NO0010536048;INDCT;"Euronext Growth Oslo";NOK;6.00;6.00;6.00;6.00;"13/05/2022 09:10";CET;500;3000.00
INSR;NO0010593544;INSR;"Oslo Børs";NOK;0.156;0.179;0.15;0.1785;"13/05/2022 16:25";CET;1692199;268313.1785
INSTABANK;NO0010762792;INSTA;"Euronext Growth Oslo";NOK;3.72;3.72;3.72;3.72;"13/05/2022 14:41";CET;1000;3720.00
"INTEGRATED WIND SO";NO0010955883;IWS;"Euronext Growth Oslo";NOK;32.60;33.60;31.80;33.60;"11/05/2022 15:46";CET;2104;68376.00
"INTEROIL EXPL PROD";NO0010284318;IOX;"Oslo Børs";NOK;1.72;1.816;1.682;1.726;"13/05/2022 16:25";CET;3497697;6059482.504
ITERA;NO0010001118;ITERA;"Oslo Børs";NOK;11.40;11.90;11.20;11.90;"13/05/2022 16:25";CET;31676;357690.20
"JINHUI SHIPP TRANS";BMG5137R1088;JIN;"Oslo Børs";NOK;16.00;16.42;16.00;16.36;"13/05/2022 16:25";CET;228824;3715866.80
"JÆREN SPAREBANK";NO0010359433;JAREN;"Oslo Børs";NOK;238.00;238.00;238.00;238.00;"13/05/2022 16:14";CET;100;23800.00
KAHOOT!;NO0010823131;KAHOT;"Oslo Børs";NOK;22.04;23.64;21.81;23.60;"13/05/2022 16:25";CET;5978097;137427617.91
KALERA;NO0010874597;KAL;"Euronext Growth Oslo";NOK;4.205;4.41;4.12;4.19;"13/05/2022 16:25";CET;322707;1354552.715
KID;NO0010743545;KID;"Oslo Børs";NOK;94.80;96.50;93.20;96.00;"13/05/2022 16:25";CET;51611;4916208.90
KITRON;NO0003079709;KIT;"Oslo Børs";NOK;17.50;17.78;17.30;17.70;"13/05/2022 16:25";CET;270825;4765132.54
"KLAVENESS COMBINAT";NO0010833262;KCC;"Oslo Børs";NOK;64.00;64.80;63.40;64.00;"13/05/2022 16:27";CET;25907;1662671.80
"KMC PROPERTIES";NO0010360175;KMCP;"Oslo Børs";NOK;8.70;8.94;8.70;8.78;"13/05/2022 15:49";CET;8778;77327.10
KOMPLETT;NO0011016040;KOMPL;"Oslo Børs";NOK;27.25;27.25;25.60;26.25;"13/05/2022 16:25";CET;31618;830162.30
"KOMPLETT BANK";NO0010694029;KOMP;"Oslo Børs";NOK;6.69;6.69;6.60;6.69;"13/05/2022 16:25";CET;28611;190131.44
"KONGSBERG AUTOMOT";NO0003033102;KOA;"Oslo Børs";NOK;2.41;2.692;2.41;2.666;"13/05/2022 16:28";CET;17332879;44749665.726
"KONGSBERG GRUPPEN";NO0003043309;KOG;"Oslo Børs";NOK;322.40;339.80;322.00;337.80;"13/05/2022 16:27";CET;590755;197620562.60
"KRAFT BANK";NO0010815103;KRAB;"Euronext Growth Oslo";NOK;10.70;10.70;10.70;10.70;"13/05/2022 13:05";CET;5000;53500.00
"KYOTO GROUP";NO0010936750;KYOTO;"Euronext Growth Oslo";NOK;16.75;17.50;15.95;17.50;"13/05/2022 16:25";CET;21055;356671.20
"LERØY SEAFOOD GP";NO0003096208;LSG;"Oslo Børs";NOK;79.90;79.90;72.80;74.20;"13/05/2022 16:27";CET;2967525;222337722.45
LIFECARE;NO0010591191;LIFE;"Euronext Growth Oslo";NOK;2.34;2.40;2.185;2.39;"13/05/2022 16:19";CET;274479;627818.435
"LINK MOBILITY GRP";NO0010894231;LINK;"Oslo Børs";NOK;11.60;12.90;11.60;12.46;"13/05/2022 16:25";CET;872889;10758391.06
"LUMI GRUPPEN";NO0010927288;LUMI;"Euronext Growth Oslo";NOK;32.80;32.80;32.80;32.80;"12/05/2022 16:25";CET;11334;371755.20
"LYTIX BIOPHARMA";NO0010405780;LYTIX;"Euronext Growth Oslo";NOK;9.50;9.60;9.02;9.50;"13/05/2022 14:05";CET;25268;235086.96
"M VEST WATER";NO0010976343;MVW;"Euronext Growth Oslo";NOK;9.11;9.30;9.11;9.11;"13/05/2022 12:55";CET;12049;110775.39
MAGNORA;NO0010187032;MGN;"Oslo Børs";NOK;17.60;18.14;17.02;17.92;"13/05/2022 16:26";CET;275536;4887378.92
"MAGSEIS FAIRFIELD";NO0010663669;MSEIS;"Oslo Børs";NOK;5.40;5.94;5.32;5.88;"13/05/2022 16:25";CET;1722734;9860932.44
MÅSØVAL;NO0010974983;MAS;"Euronext Growth Oslo";NOK;48.10;48.50;46.90;47.00;"13/05/2022 16:31";CET;16299;766863.00
MEDISTIM;NO0010159684;MEDI;"Oslo Børs";NOK;236.50;243.00;232.50;240.50;"13/05/2022 16:25";CET;3601;864474.50
"MELHUS SPAREBANK";NO0006001908;MELG;"Oslo Børs";NOK;164.00;165.00;164.00;165.00;"13/05/2022 13:43";CET;96;15791.00
MELTWATER;NL00150003D3;MWTR;"Oslo Børs";NOK;11.42;12.85;11.19;12.72;"13/05/2022 16:25";CET;1107317;13658890.32
"MERCELL HOLDING";NO0010307143;MRCEL;"Oslo Børs";NOK;2.95;2.95;2.80;2.90;"13/05/2022 16:25";CET;168440;484352.495
"MINTRA HOLDING";NO0010895022;MNTR;"Euronext Growth Oslo";NOK;3.95;3.95;3.95;3.95;"13/05/2022 16:08";CET;981;3874.95
MOWI;NO0003054108;MOWI;"Oslo Børs";NOK;237.20;237.40;229.80;236.40;"13/05/2022 16:27";CET;1281040;300956987.80
"MPC CONTAINER SHIP";NO0010791353;MPCC;"Oslo Børs";NOK;26.52;27.24;26.47;27.22;"13/05/2022 16:25";CET;2675742;71919561.61
"MPC ENERGY SOLUTIO";NL0015268814;MPCES;"Euronext Growth Oslo";NOK;22.50;24.50;22.45;23.25;"13/05/2022 16:19";CET;168384;3939630.20
MULTICONSULT;NO0010734338;MULTI;"Oslo Børs";NOK;138.20;141.00;137.40;140.20;"13/05/2022 16:25";CET;6366;888254.80
NAPATECH;DK0060520450;NAPA;"Oslo Børs";NOK;10.00;10.14;9.70;10.14;"13/05/2022 15:21";CET;7592;74262.96
NAVAMEDIC;NO0010205966;NAVA;"Oslo Børs";NOK;28.80;29.00;27.90;27.90;"13/05/2022 16:19";CET;855;23905.00
NEKKAR;NO0003049405;NKR;"Oslo Børs";NOK;7.61;7.74;7.55;7.66;"13/05/2022 16:25";CET;74733;570316.63
NEL;NO0010081235;NEL;"Oslo Børs";NOK;12.355;13.12;11.875;13.12;"13/05/2022 16:28";CET;10088859;129567753.095
"NETOIL CAPITAL";GB00BF2PG875;NOC;"Euronext Growth Oslo";NOK;4.78;4.80;4.78;4.80;"19/07/2021 14:33";CET;1000;4786.20
"NEXT BIOMETRICS GP";NO0010629108;NEXT;"Oslo Børs";NOK;4.44;4.445;4.07;4.375;"13/05/2022 16:25";CET;281797;1213811.19
"NIDAROS SPAREBANK";NO0010733082;NISB;"Euronext Growth Oslo";NOK;124.00;124.00;124.00;124.00;"13/05/2022 14:17";CET;41;5084.00
NORBIT;NO0010856511;NORBT;"Oslo Børs";NOK;25.90;27.70;25.90;26.70;"13/05/2022 16:25";CET;83202;2238709.20
NORCOD;NO0010892912;NCOD;"Euronext Growth Oslo";NOK;80.00;82.20;80.00;82.20;"13/05/2022 14:58";CET;1213;98166.40
"NORDHEALTH A-AKSJE";NO0011002651;NORDH;"Euronext Growth Oslo";NOK;18.00;18.90;17.00;18.45;"13/05/2022 16:19";CET;11941;207797.30
"NORDIC AQUA PART";DK0061414638;NOAP;"Euronext Growth Oslo";NOK;62.00;62.00;61.00;61.00;"13/05/2022 10:56";CET;1662;101388.00
"NORDIC HALIBUT";NO0003058109;NOHAL;"Euronext Growth Oslo";NOK;27.00;27.00;26.60;26.60;"13/05/2022 11:40";CET;1065;28355.00
"NORDIC MINING";NO0010317340;NOM;"Euronext Expand Oslo";NOK;3.33;3.42;3.27;3.42;"13/05/2022 16:25";CET;827141;2764281.18
"NORDIC NANOVECTOR";NO0010597883;NANOV;"Oslo Børs";NOK;13.10;13.10;10.85;11.04;"13/05/2022 16:25";CET;2394243;27387917.39
"NORDIC SEMICONDUC";NO0003055501;NOD;"Oslo Børs";NOK;170.50;175.65;168.50;175.65;"13/05/2022 16:29";CET;844796;146770686.275
"NORDIC UNMANNED";NO0010907090;NUMND;"Euronext Growth Oslo";NOK;27.40;29.00;27.35;28.00;"13/05/2022 16:16";CET;42659;1193839.65
"NORSE ATLANTIC";NO0010946445;NORSE;"Euronext Growth Oslo";NOK;13.20;13.20;12.82;12.98;"13/05/2022 16:25";CET;100768;1309766.92
"NORSK HYDRO";NO0005052605;NHY;"Oslo Børs";NOK;66.00;69.00;65.28;68.60;"13/05/2022 16:26";CET;6014215;407079611.54
"NORSK SOLAR";NO0010941925;NSOL;"Euronext Growth Oslo";NOK;4.10;4.34;4.02;4.34;"13/05/2022 16:14";CET;24479;102286.74
"NORSK TITANIUM";NO0010969108;NTI;"Euronext Growth Oslo";NOK;3.60;3.78;3.52;3.78;"13/05/2022 15:42";CET;13567;48642.43
"NORSKE SKOG";NO0010861115;NSKOG;"Oslo Børs";NOK;47.90;48.86;47.68;48.16;"13/05/2022 16:25";CET;483902;23289270.34
NORTEL;NO0010900087;NTEL;"Euronext Growth Oslo";NOK;17.30;17.30;17.30;17.30;"13/05/2022 09:25";CET;300;5190.00
"NORTH ENERGY";NO0010550056;NORTH;"Euronext Expand Oslo";NOK;2.495;2.505;2.35;2.50;"13/05/2022 16:02";CET;98768;242416.475
"NORTHERN DRILLING";BMG6624L1090;NODL;"Oslo Børs";NOK;23.65;24.50;22.60;24.00;"13/05/2022 16:25";CET;39891;939868.60
"NORTHERN OCEAN LTD";BMG6682J1036;NOL;"Oslo Børs";NOK;9.49;10.02;9.28;10.00;"13/05/2022 16:25";CET;286671;2777035.81
"NORWAY ROYALSALMON";NO0010331838;NRS;"Oslo Børs";NOK;219.00;221.00;216.50;219.50;"13/05/2022 16:25";CET;35567;7775148.50
"NORWEGIAN AIR SHUT";NO0010196140;NAS;"Oslo Børs";NOK;10.80;10.925;10.16;10.88;"13/05/2022 16:28";CET;13238219;139973709.575
"NORWEGIAN BLOCK EX";NO0010984966;NBX;"Euronext Growth Oslo";NOK;3.85;3.99;3.605;3.865;"13/05/2022 15:51";CET;15965;59590.515
"NORWEGIAN ENERGY";NO0010379266;NOR;"Oslo Børs";NOK;360.00;379.50;360.00;368.50;"13/05/2022 16:25";CET;150363;56306559.50
"NRC GROUP";NO0003679102;NRC;"Oslo Børs";NOK;18.80;19.24;18.38;19.04;"13/05/2022 16:25";CET;347157;6551270.92
NTS;NO0004895103;NTS;"Oslo Børs";NOK;114.00;117.00;113.00;117.00;"13/05/2022 14:57";CET;1805;210278.00
"NYKODE THERAPEUTIC";NO0010714785;NYKD;"Euronext Growth Oslo";NOK;30.00;31.32;29.12;31.00;"13/05/2022 16:25";CET;840040;25651394.00
"OBSERVE MEDICAL";NO0010865009;OBSRV;"Euronext Expand Oslo";NOK;6.16;6.16;5.62;5.78;"13/05/2022 16:19";CET;359152;2067777.08
"OCEAN GEOLOOP";NO0010914641;OCEAN;"Euronext Growth Oslo";NOK;27.00;27.00;27.00;27.00;"12/05/2022 14:42";CET;2160;58320.00
"OCEAN SUN";NO0010887565;OSUN;"Euronext Growth Oslo";NOK;12.90;13.54;12.90;12.90;"13/05/2022 16:17";CET;46392;601135.78
OCEANTEAM;NO0010317316;OTS;"Oslo Børs";NOK;2.17;2.17;2.02;2.10;"13/05/2022 16:18";CET;18538;39125.13
"ODFJELL DRILLING";BMG671801022;ODL;"Oslo Børs";NOK;24.50;24.90;23.70;24.10;"13/05/2022 16:25";CET;458926;11090925.15
"ODFJELL SER. A";NO0003399909;ODF;"Oslo Børs";NOK;45.00;45.90;44.00;44.50;"13/05/2022 16:25";CET;19609;872039.60
"ODFJELL SER. B";NO0003399917;ODFB;"Oslo Børs";NOK;45.20;45.20;43.60;44.20;"13/05/2022 16:25";CET;12464;549032.80
"ODFJELL TECHNOLOGY";BMG6716L1081;OTL;"Oslo Børs";NOK;23.00;23.80;22.50;23.80;"13/05/2022 16:25";CET;63539;1465817.535
OKEA;NO0010816895;OKEA;"Oslo Børs";NOK;35.80;36.90;35.20;36.65;"13/05/2022 16:25";CET;177894;6436598.75
"OKEANIS ECO TANKER";MHY641771016;OET;"Oslo Børs";NOK;94.00;94.40;88.80;91.20;"13/05/2022 16:25";CET;30767;2796572.40
"OLAV THON EIENDOMS";NO0005638858;OLT;"Oslo Børs";NOK;179.00;184.00;178.00;183.50;"13/05/2022 16:25";CET;6228;1121530.50
ORKLA;NO0003733800;ORK;"Oslo Børs";NOK;75.40;76.06;74.74;76.00;"13/05/2022 16:25";CET;1609043;121858873.64
"OTELLO CORPORATION";NO0010040611;OTEC;"Oslo Børs";NOK;27.00;27.10;25.55;25.55;"13/05/2022 16:25";CET;308691;8335046.20
OTOVO;NO0010809783;OTOVO;"Euronext Growth Oslo";NOK;23.15;23.75;22.80;23.00;"13/05/2022 16:25";CET;106681;2485871.00
"PANORO ENERGY";NO0010564701;PEN;"Oslo Børs";NOK;30.18;31.64;30.18;31.42;"13/05/2022 16:25";CET;743604;23061315.44
"PARETO BANK";NO0010397581;PARB;"Oslo Børs";NOK;50.30;51.70;50.30;51.40;"13/05/2022 16:25";CET;23853;1222913.70
"PATIENTSKY GROUP";NO0010895667;PSKY;"Euronext Growth Oslo";NOK;3.00;3.00;2.815;2.995;"13/05/2022 16:19";CET;20700;61950.50
"PCI BIOTECH HOLD";NO0010405640;PCIB;"Oslo Børs";NOK;4.10;4.375;4.00;4.105;"13/05/2022 16:25";CET;104335;428759.51
PETROLIA;CY0102630916;PSE;"Oslo Børs";NOK;4.70;5.02;4.70;5.02;"13/05/2022 16:16";CET;6110;28783.56
"PETRONOR E&P";NO0011157232;PNOR;"Oslo Børs";NOK;0.82;0.84;0.8101;0.819;"13/05/2022 16:25";CET;923304;761340.5356
"PEXIP HOLDING";NO0010840507;PEXIP;"Oslo Børs";NOK;16.34;19.01;15.53;18.50;"13/05/2022 16:28";CET;3703641;63979968.85
PGS;NO0010199151;PGS;"Oslo Børs";NOK;5.30;5.64;5.14;5.20;"13/05/2022 16:27";CET;13228270;70559936.925
"PHILLY SHIPYARD";NO0010395577;PHLY;"Euronext Expand Oslo";NOK;55.00;57.90;54.10;57.80;"13/05/2022 15:56";CET;15731;886650.40
PHOTOCURE;NO0010000045;PHO;"Oslo Børs";NOK;99.00;99.10;94.35;98.90;"13/05/2022 16:25";CET;91834;8947663.45
"PIONEER PROPERTY";NO0010735681;PPG;"Euronext Expand Oslo";NOK;102.00;102.50;102.00;102.50;"13/05/2022 16:25";CET;900;92037.50
"PLAY MAGNUS";NO0010890726;PMG;"Euronext Growth Oslo";NOK;10.00;10.00;9.50;9.79;"13/05/2022 16:25";CET;14286;139161.26
"POLARIS MEDIA";NO0010466022;POL;"Oslo Børs";NOK;71.00;71.00;71.00;71.00;"13/05/2022 15:51";CET;150;10650.00
POLIGHT;NO0010341712;PLT;"Oslo Børs";NOK;119.80;127.00;117.00;118.00;"13/05/2022 16:25";CET;73450;8914451.20
PROSAFE;NO0010861990;PRS;"Oslo Børs";NOK;228.50;231.50;207.00;210.00;"13/05/2022 16:27";CET;115431;24941843.50
"PROTECTOR FORSIKRG";NO0010209331;PROT;"Oslo Børs";NOK;100.20;105.00;100.20;104.00;"13/05/2022 16:25";CET;79133;8232482.40
"PROXIMAR SEAFOOD";NO0010893902;PROXI;"Euronext Growth Oslo";NOK;7.35;7.49;7.28;7.47;"13/05/2022 16:25";CET;37715;277659.35
PRYME;NL00150005Z1;PRYME;"Euronext Growth Oslo";NOK;10.30;11.35;10.10;10.45;"13/05/2022 16:25";CET;246064;2581079.40
"PYRUM INNOVATIONS";DE000A2G8ZX8;PYRUM;"Euronext Growth Oslo";NOK;718.00;720.00;718.00;720.00;"13/05/2022 13:35";CET;430;309422.00
Q-FREE;NO0003103103;QFR;"Oslo Børs";NOK;6.98;7.10;6.98;7.08;"13/05/2022 16:25";CET;36654;258053.79
QUANTAFUEL;NO0010785967;QFUEL;"Euronext Growth Oslo";NOK;12.00;12.57;10.80;12.25;"13/05/2022 16:25";CET;2354837;27825595.03
"QUESTBACK GROUP";NO0011019119;QUEST;"Euronext Growth Oslo";NOK;82.00;82.00;82.00;82.00;"09/05/2022 11:58";CET;128;10496.00
"QUESTERRE ENERGY";CA74836K1003;QEC;"Oslo Børs";NOK;1.35;1.40;1.35;1.376;"13/05/2022 16:27";CET;802641;1104932.862
"R8 PROPERTY";NO0010859689;R8P;"Euronext Growth Oslo";NOK;28.40;30.00;28.40;29.60;"13/05/2022 15:03";CET;15050;442860.80
"RAK PETROLEUM";GB00BRGBL804;RAKP;"Oslo Børs";NOK;13.10;13.35;12.75;12.75;"13/05/2022 16:25";CET;265922;3479811.35
"RANA GRUBER";NO0010907389;RANA;"Oslo Børs";NOK;56.20;56.80;53.90;56.00;"13/05/2022 16:25";CET;463701;25476762.40
"REACH SUBSEA";NO0003117202;REACH;"Oslo Børs";NOK;3.45;3.50;3.34;3.45;"13/05/2022 16:28";CET;254701;869799.43
"REC SILICON";NO0010112675;RECSI;"Oslo Børs";NOK;15.805;17.30;15.76;17.30;"13/05/2022 16:28";CET;25972415;435406260.25
"RIVER TECH";MT0001710103;RIVER;"Euronext Growth Oslo";NOK;58.00;58.00;58.00;58.00;"13/05/2022 09:08";CET;177;10266.00
"ROMERIKE SPAREBK";NO0010808405;ROMER;"Euronext Growth Oslo";NOK;120.00;120.00;120.00;120.00;"13/05/2022 09:34";CET;50;6000.00
ROMREAL;BMG763301022;ROM;"Euronext Expand Oslo";NOK;1.86;1.86;1.86;1.86;"12/05/2022 10:40";CET;100;186.00
"ROMSDAL SPAREBANK";NO0010759988;ROMSB;"Euronext Growth Oslo";NOK;129.00;129.00;129.00;129.00;"13/05/2022 15:35";CET;50;6450.00
"S.D. STANDARD ETC";CY0101550917;SDSD;"Oslo Børs";NOK;2.05;2.13;2.00;2.12;"13/05/2022 16:25";CET;4512991;9372270.85
"SAGA PURE";NO0010572589;SAGA;"Oslo Børs";NOK;2.418;2.505;2.418;2.467;"13/05/2022 16:25";CET;1320737;3272080.973
SALMAR;NO0010310956;SALM;"Oslo Børs";NOK;684.00;684.00;645.00;664.00;"13/05/2022 16:25";CET;383513;252388236.00
"SALMON EVOLUTION";NO0010892094;SALME;"Oslo Børs";NOK;7.82;8.05;7.81;8.02;"13/05/2022 16:25";CET;883616;7004792.40
"SALMONES CAMANCHAC";NO0012451915;SACAM;"Oslo Børs";NOK;41.80;41.80;40.50;40.50;"13/05/2022 16:04";CET;84;3453.10
"SANDNES SPAREBANK";NO0006001007;SADG;"Oslo Børs";NOK;93.00;94.80;93.00;94.80;"13/05/2022 16:25";CET;2400;223663.40
"SAS AB";SE0003366871;SASNO;"Oslo Børs";NOK;0.9058;0.9302;0.9036;0.9232;"13/05/2022 16:25";CET;1969906;1818086.6416
SATS;NO0010863285;SATS;"Oslo Børs";NOK;14.38;14.38;13.18;13.48;"13/05/2022 16:25";CET;211240;2851649.50
SCANA;NO0003053308;SCANA;"Oslo Børs";NOK;1.28;1.29;1.172;1.228;"13/05/2022 15:55";CET;1597293;1958169.60
SCATEC;NO0010715139;SCATC;"Oslo Børs";NOK;88.70;90.24;87.70;90.22;"13/05/2022 16:28";CET;953949;85223453.62
"SCHIBSTED SER. A";NO0003028904;SCHA;"Oslo Børs";NOK;187.90;194.10;186.00;193.90;"13/05/2022 16:25";CET;432350;82784141.80
"SCHIBSTED SER. B";NO0010736879;SCHB;"Oslo Børs";NOK;168.40;174.40;168.40;174.40;"13/05/2022 16:28";CET;322773;55614086.60
"SEABIRD EXPLORAT";CY0101162119;GEG;"Oslo Børs";NOK;3.59;3.87;3.59;3.85;"13/05/2022 16:17";CET;101293;374625.76
SEADRILL;BMG7997W1029;SDRL;"Euronext Expand Oslo";NOK;325.45;360.00;325.45;360.00;"13/05/2022 16:25";CET;3588;1241994.75
"SEAWAY 7";NO0010893803;SEAW7;"Euronext Growth Oslo";NOK;10.50;10.50;9.70;10.00;"13/05/2022 16:25";CET;784789;7827851.75
"SELF STORAGE GROUP";NO0010781206;SSG;"Oslo Børs";NOK;30.30;30.80;30.30;30.70;"13/05/2022 12:41";CET;4339;132443.00
"SELVAAG BOLIG";NO0010612450;SBO;"Oslo Børs";NOK;44.50;44.50;43.00;43.85;"13/05/2022 16:26";CET;20019;870167.90
"SHELF DRILLING";KYG236271055;SHLF;"Oslo Børs";NOK;15.98;15.98;14.62;14.94;"13/05/2022 16:25";CET;468658;7018733.40
"SIEM OFFSHORE";KYG812291253;SIOFF;"Oslo Børs";NOK;15.44;15.78;13.54;15.38;"13/05/2022 16:28";CET;3792497;55835784.38
"SIKRI HOLDING";NO0010881717;SIKRI;"Euronext Growth Oslo";NOK;86.00;86.00;85.00;85.00;"13/05/2022 16:00";CET;117;9962.00
"SKANDIA GREENPOWER";NO0010931207;SKAND;"Euronext Growth Oslo";NOK;5.06;5.14;5.06;5.14;"13/05/2022 15:42";CET;4877;24924.54
"SKUE SPAREBANK";NO0006001809;SKUE;"Oslo Børs";NOK;224.00;224.00;224.00;224.00;"13/05/2022 16:12";CET;30;6720.00
SMARTCRAFT;NO0011008971;SMCRT;"Oslo Børs";NOK;14.50;15.02;14.50;15.00;"13/05/2022 15:00";CET;47701;705691.52
"SMARTOPTICS GROUP";NO0011012502;SMOP;"Euronext Growth Oslo";NOK;12.90;13.15;12.70;12.90;"13/05/2022 16:16";CET;18194;234983.60
"SOFTOX SOLUTIONS";NO0010811961;SOFTX;"Euronext Growth Oslo";NOK;35.00;35.90;34.15;35.50;"13/05/2022 16:25";CET;7311;258550.75
"SOGN SPAREBANK";NO0006000603;SOGN;"Oslo Børs";NOK;128.00;130.00;125.00;130.00;"12/05/2022 16:09";CET;2511;322035.00
"SOLSTAD OFFSHORE";NO0003080608;SOFF;"Oslo Børs";NOK;30.35;37.85;27.65;37.65;"13/05/2022 16:29";CET;7668795;246825212.55
"SPARBNK 68 GR NORD";NO0010887110;SB68;"Euronext Growth Oslo";NOK;210.00;210.00;210.00;210.00;"13/05/2022 13:45";CET;18;3780.00
"SPAREBANK 1 SMN";NO0006390301;MING;"Oslo Børs";NOK;124.40;125.40;124.00;125.40;"13/05/2022 16:30";CET;107335;13396362.60
"SPAREBANK 1 SR-BK";NO0010631567;SRBNK;"Oslo Børs";NOK;115.50;116.80;114.70;116.80;"13/05/2022 16:25";CET;183719;21330603.30
"SPAREBANK 1 SØRØ";NO0006000207;SOON;"Oslo Børs";NOK;53.80;54.80;53.80;54.60;"13/05/2022 16:25";CET;16955;919766.60
"SPAREBANKEN MØRE";NO0012483207;MORG;"Oslo Børs";NOK;80.00;80.50;79.57;80.00;"13/05/2022 16:25";CET;9090;727188.71
"SPAREBANKEN SØR";NO0006001502;SOR;"Oslo Børs";NOK;131.50;140.00;131.50;135.00;"13/05/2022 16:19";CET;3392;457802.00
"SPAREBANKEN VEST";NO0006000900;SVEG;"Oslo Børs";NOK;96.50;97.50;95.90;96.50;"13/05/2022 16:25";CET;35868;3468268.20
"SPAREBANKEN ØST";NO0006222009;SPOG;"Oslo Børs";NOK;53.60;53.80;53.40;53.80;"13/05/2022 14:33";CET;4098;219636.80
"SPBK 1 NORDMØRE";NO0010691660;SNOR;"Oslo Børs";NOK;130.00;130.00;130.00;130.00;"13/05/2022 15:50";CET;80;10400.00
"SPBK 1 ØSTLANDET";NO0010751910;SPOL;"Oslo Børs";NOK;132.00;132.00;129.60;130.60;"13/05/2022 16:25";CET;46866;6124016.40
"SPBK1 HELGELAND";NO0010029804;HELG;"Oslo Børs";NOK;125.00;127.00;124.00;124.00;"13/05/2022 16:25";CET;3403;423766.00
"SPBK1 NORD-NORGE";NO0006000801;NONG;"Oslo Børs";NOK;94.40;94.90;92.70;94.40;"13/05/2022 16:25";CET;143852;13551197.30
"SPBK1 RINGERIKE";NO0006390400;RING;"Oslo Børs";NOK;328.00;330.00;328.00;330.00;"13/05/2022 15:44";CET;86552;28131154.00
"SPBK1 ØSTFOLD AKE";NO0010285562;SOAG;"Oslo Børs";NOK;340.00;344.00;340.00;344.00;"12/05/2022 15:16";CET;16;5500.00
"STATT TORSK";NO0010775844;STATT;"Euronext Growth Oslo";NOK;2.31;2.36;2.25;2.32;"13/05/2022 16:25";CET;121678;280379.03
STOLT-NIELSEN;BMG850801025;SNI;"Oslo Børs";NOK;155.60;165.00;155.60;164.40;"13/05/2022 16:25";CET;37409;6111603.60
STOREBRAND;NO0003053605;STB;"Oslo Børs";NOK;79.56;81.44;79.56;81.36;"13/05/2022 16:25";CET;1683849;135642988.43
STRONGPOINT;NO0010098247;STRO;"Oslo Børs";NOK;23.00;23.00;22.35;22.45;"13/05/2022 16:27";CET;82959;1869431.75
"SUBSEA 7";LU0075646355;SUBC;"Oslo Børs";NOK;85.98;90.96;85.74;90.32;"13/05/2022 16:28";CET;1173251;104602765.54
"SUNNDAL SPAREBANK";NO0010672900;SUNSB;"Euronext Growth Oslo";NOK;139.00;139.00;139.00;139.00;"13/05/2022 09:42";CET;35;4865.00
TARGOVAX;NO0010689326;TRVX;"Oslo Børs";NOK;1.55;1.68;1.48;1.504;"13/05/2022 16:19";CET;938286;1405701.394
TECHSTEP;NO0003095309;TECH;"Oslo Børs";NOK;2.74;2.74;2.69;2.74;"13/05/2022 15:28";CET;11580;31568.51
"TECO 2030";NO0010887516;TECO;"Euronext Growth Oslo";NOK;4.70;5.10;4.70;5.07;"13/05/2022 16:19";CET;45621;223535.07
"TEKNA HOLDING";NO0010951577;TEKNA;"Euronext Growth Oslo";NOK;15.40;15.40;13.75;14.30;"13/05/2022 16:19";CET;24081;355803.20
TELENOR;NO0010063308;TEL;"Oslo Børs";NOK;126.15;126.15;125.00;126.10;"13/05/2022 16:25";CET;1157830;145731968.50
TGS;NO0003078800;TGS;"Oslo Børs";NOK;151.10;151.10;145.40;148.80;"13/05/2022 16:25";CET;430305;63630243.20
"THE KINGFISH COMP";NL00150001S5;KING;"Euronext Growth Oslo";NOK;17.10;17.10;16.05;17.10;"13/05/2022 16:25";CET;538;8952.75
TIETOEVRY;FI0009000277;TIETO;"Oslo Børs";NOK;230.00;231.80;230.00;231.40;"13/05/2022 13:48";CET;283;65461.80
"TOMRA SYSTEMS";NO0005668905;TOM;"Oslo Børs";NOK;347.20;356.70;345.00;354.60;"13/05/2022 16:25";CET;200889;70861908.30
"TOTENS SPAREBANK";NO0006001205;TOTG;"Oslo Børs";NOK;216.00;216.00;216.00;216.00;"13/05/2022 12:36";CET;423;91368.00
TREASURE;NO0010763550;TRE;"Oslo Børs";NOK;16.10;16.90;16.10;16.70;"12/05/2022 16:25";CET;22603;378908.40
"TYSNES SPAREBANK";NO0010731615;TYSB;"Euronext Growth Oslo";NOK;115.00;115.00;115.00;115.00;"13/05/2022 10:13";CET;20;2300.00
ULTIMOVACS;NO0010851603;ULTI;"Oslo Børs";NOK;71.60;74.90;70.10;73.60;"13/05/2022 16:25";CET;37990;2748960.80
"VÅR ENERGI";NO0011202772;VAR;"Oslo Børs";NOK;39.90;40.28;38.51;39.08;"13/05/2022 16:28";CET;4392210;173224818.47
VEIDEKKE;NO0005806802;VEI;"Oslo Børs";NOK;103.00;103.00;96.70;103.00;"13/05/2022 16:26";CET;248214;24990439.20
"VISTIN PHARMA";NO0010734122;VISTN;"Oslo Børs";NOK;17.25;17.25;17.00;17.25;"13/05/2022 16:25";CET;15089;259632.95
VOLUE;NO0010894603;VOLUE;"Oslo Børs";NOK;31.00;31.05;29.50;30.00;"13/05/2022 16:25";CET;739513;22593252.60
"VOSS VEKSEL OGLAND";NO0003025009;VVL;"Oslo Børs";NOK;244.00;246.00;244.00;244.00;"13/05/2022 12:27";CET;245;59830.00
VOW;NO0010708068;VOW;"Oslo Børs";NOK;23.60;25.16;23.40;25.14;"13/05/2022 16:27";CET;616991;15243298.62
"VOW GREEN METALS";NO0011037483;VGM;"Euronext Growth Oslo";NOK;2.80;2.80;2.625;2.795;"13/05/2022 16:27";CET;201435;549541.805
"WALLENIUS WILHELMS";NO0010571680;WAWI;"Oslo Børs";NOK;58.95;62.55;58.45;62.55;"13/05/2022 16:27";CET;354750;21765544.30
"WASTE PLASTIC UPCY";DK0061676400;WPU;"Euronext Growth Oslo";NOK;17.50;18.996;17.50;18.996;"13/05/2022 13:14";CET;2104;38105.952
WEBSTEP;NO0010609662;WSTEP;"Oslo Børs";NOK;30.00;30.00;29.70;29.90;"13/05/2022 14:57";CET;2921;87460.00
"WESTERN BULK CHART";NO0010768096;WEST;"Euronext Growth Oslo";NOK;48.50;49.00;46.60;46.90;"13/05/2022 16:25";CET;35294;1698981.20
"WILH. WILHELMSEN A";NO0010571698;WWI;"Oslo Børs";NOK;237.00;246.00;234.00;243.00;"13/05/2022 16:25";CET;19521;4702415.00
"WILH. WILHELMSEN B";NO0010576010;WWIB;"Oslo Børs";NOK;232.00;241.00;231.00;240.00;"13/05/2022 16:25";CET;10879;2576907.00
WILSON;NO0010252356;WILS;"Oslo Børs";NOK;64.00;66.00;63.00;64.00;"13/05/2022 16:14";CET;4612;296465.80
"XPLORA TECHNOLOGIE";NO0010895782;XPLRA;"Euronext Growth Oslo";NOK;14.24;15.14;14.00;15.00;"13/05/2022 16:14";CET;25047;364285.08
XXL;NO0010716863;XXL;"Oslo Børs";NOK;9.16;9.845;8.835;9.805;"13/05/2022 16:29";CET;2149356;20285461.455
"YARA INTERNATIONAL";NO0010208051;YAR;"Oslo Børs";NOK;443.20;464.20;440.90;463.20;"13/05/2022 16:27";CET;701588;322097859.00
ZALARIS;NO0010708910;ZAL;"Oslo Børs";NOK;37.90;39.40;37.90;38.80;"13/05/2022 16:25";CET;6769;259568.70
ZAPTEC;NO0010713936;ZAP;"Euronext Growth Oslo";NOK;36.00;37.80;35.51;37.80;"13/05/2022 16:28";CET;139706;5152156.76
"ZENITH ENERGY";CA98936C1068;ZENA;"Euronext Growth Oslo";NOK;0.0964;0.108;0.0925;0.1006;"13/05/2022 16:26";CET;10455065;1028648.8176
ZWIPE;NO0010721277;ZWIPE;"Euronext Growth Oslo";NOK;16.62;17.50;16.50;17.04;"13/05/2022 16:25";CET;4018;67863.32
"ØRN SOFTWARE HLD.";NO0010934748;ORN;"Euronext Growth Oslo";NOK;3.10;3.24;3.10;3.24;"13/05/2022 10:28";CET;15100;47524.00
